INSERT INTO address VALUES (1,'Port Lauren','Stoltenberg River',3098,51642,'District of Columbia'),(2,'Konopelskibury','Bashirian Track',1070,8144,'NorthCarolina'),(3,'Port Emeliahaven','Bins Ports',9252,21335,'Utah'),(4,'Lake Trystan','Robyn Radial',14851,92855,'Nebraska'),(5,'Blandastad','Allison Inlet',86,43375,'Wisconsin'),(6,'Caspertown','Kylie Drive',439,49805,'Georgia'),(7,'New Orval','Bins Groves',185,23645,'Georgia'),(8,'Doylefort','Felicity Ridges',5594,39771,'Wisconsin'),(9,'Griffinmouth','Ethyl Lodge',939,76591,'Ohio'),(10,'New Bonita','Marlene Union',21976,23196,'Alaska'),(11,'Monahanstad','Anderson Plains',32767,4684,'NewJersey'),(12,'New Rozella','Murray Grove',32767,33545,'SouthDakota'),(13,'Bethanyside','Lueilwitz Village',8574,89725,'Indiana'),(14,'Cronamouth','Fritsch Summit',4552,49786,'SouthDakota'),(15,'Vestaton','Layla Locks',32767,51103,'NewJersey'),(16,'Artfort','Dorthy Prairie',8268,12862,'Mississippi'),(17,'Port Americaborough','Emard Passage',27786,5731,'SouthCarolina'),(18,'Lake Lindsey','McGlynn Haven',595,37251,'Massachusetts'),(19,'Connellyville','Willa Points',32767,23969,'Georgia'),(20,'New Samanthabury','Crona Route',32767,91016,'Illinois'),(21,'Casperburgh','Rae Crossroad',709,71236,'Texas'),(22,'Giovaniport','Schuster Cliff',32767,86819,'Alaska'),(23,'West Vicente','Domenick Highway',420,16823,'Oregon'),(24,'East Benedict','Alene Viaduct',2490,34380,'Kansas'),(25,'South Glennaborough','Funk Bypass',32767,47614,'Nevada'),(26,'West Wilson','Hane Keys',666,85885,'Alaska'),(27,'West Edwina','Padberg Centers',32767,29891,'Pennsylvania'),(28,'Candicemouth','Lew Club',823,54245,'Georgia'),(29,'Dallinborough','Pacocha Grove',4334,25290,'NewYork'),(30,'New Connerhaven','Sandy Expressway',32767,54921,'Florida'),(31,'North Sandrineside','Ziemann Mountains',2545,80711,'Virginia'),(32,'Mauriceside','Christelle Neck',400,2605,'Tennessee'),(33,'Rathside','Elian Alley',32767,67093,'Massachusetts'),(34,'Estrellamouth','George Roads',27590,43761,'Kansas'),(35,'South Jovaniside','Homenick Course',32767,82403,'Alaska'),(36,'South Demetris','Gardner Isle',8003,23094,'Indiana'),(37,'Vidaland','Dannie Street',32767,94247,'Kentucky'),(38,'North Vincent','Lind Brooks',2011,10521,'Wisconsin'),(39,'Dewayneville','Hazle Mall',8198,19566,'Colorado'),(40,'Mariannefurt','Hoeger Shore',454,67712,'NorthCarolina'),(41,'Bednarland','Desiree Oval',8672,99099,'Florida'),(42,'Bennetttown','Vernie Prairie',9402,61220,'Virginia'),(43,'Thurmanton','Bradtke Extension',2382,75106,'Iowa'),(44,'Howellton','Price Road',5561,79815,'Georgia'),(45,'New Melvinaberg','Monahan Center',8866,7075,'Michigan'),(46,'Lake Herminioville','Erick Rest',1689,3560,'NorthCarolina'),(47,'West Caden','Laila Cape',393,55057,'Georgia'),(48,'South Jessebury','Braxton Common',161,48909,'NorthCarolina'),(49,'Huldaland','Sawayn Forest',6156,76966,'NorthDakota'),(50,'North Benny','Hirthe Forest',32767,38813,'Georgia'),(51,'East Cornell','Christiansen Islands',209,23113,'Delaware'),(52,'Hilpertmouth','Schiller Radial',32767,80021,'Indiana'),(53,'Millsfort','Gislason Lake',32767,28183,'Utah'),(54,'Ratkeborough','Cindy Valleys',6217,79487,'Utah'),(55,'Port Pierre','Rippin Walk',7102,82917,'Nevada'),(56,'North Henri','Queen Court',3222,68788,'NewYork'),(57,'Lake Eliane','Fletcher Shoal',7349,94563,'Massachusetts'),(58,'New Hunter','Stanley Mountain',947,26122,'Kansas'),(59,'Roryberg','Keven Row',8269,69786,'Connecticut'),(60,'Vadaland','Labadie Brook',4670,69481,'Utah');

INSERT INTO user_details VALUES (1,'Keith','Lueilwitz',10,'nborer@hegmanngottlieb.com','1-236-072-0804x29004','2012-03-18'),
(2,'Sadie','Wehner',8,'jmetz@hotmail.com','890-226-0964','2006-06-14'),
(3,'Carli','Hintz',13,'etha53@fisherkihn.biz','166.543.1768x97517','1971-12-25'),
(4,'Carolyne','Mosciski',6,'meredith13@west.com','344.887.8195','2005-01-12'),
(5,'Terrance','Jast',25,'rozella99@hotmail.com','067-901-8656x45537','2008-04-18'),
(6,'Gerry','Marks',1,'vbeatty@kuhlman.com','03021123744','2009-06-20'),
(7,'Loren','Dickens',35,'qwilliamson@yahoo.com','495.355.7638x875','1970-11-08'),
(8,'Ladarius','Bins',3,'yorn@oconnellschmidt.com','201.106.6591x08123','2013-04-12'),
(9,'Ewell','Denesik',55,'clyde40@yahoo.com','1-486-263-0585','1973-08-07'),
(10,'Prince','Gottlieb',4,'lenny50@ullrich.com','089.774.0130','2009-03-25'),
(11,'Arely','Osinski',11,'rosalee88@gmail.com','376.460.8628x62958','2016-11-02'),
(12,'Lonnie','Barrows',12,'ludie.leffler@yahoo.com','(060)199-5525x20672','1970-09-19'),
(13,'Susanna','Marquardt',13,'rkutch@gmail.com','992.018.2005x7753','2005-04-29'),
(14,'Dianna','Torphy',14,'uturner@labadie.org','922-072-3691','1985-11-16'),
(15,'Tierra','Larson',15,'gulgowski.gerald@hane.com','483-838-8824x8556','2015-01-16'),
(16,'Geraldine','Carroll',16,'genevieve.jakubowski@gmail.com','(255)231-8333x3342','2012-09-29'),
(17,'Alysa','Witting',17,'rhoda37@swaniawski.info','466-182-3903','1985-02-17'),
(18,'Jarret','Rutherford',18,'betty.hamill@gmail.com','921-929-5634x211','2013-05-04'),
(19,'Arjun','Breitenberg',19,'oral.doyle@gmail.com','247-175-9449x1286','2006-08-15'),
(20,'Jeanette','McClure',20,'immanuel.oberbrunner@gmail.com','195-297-1995x3380','1986-07-16'),
(21,'Emery','Mills',21,'kane81@grady.info','099-683-1180x12515','2012-11-07'),
(22,'Darlene','Heidenreich',22,'lew.spinka@yahoo.com','(521)199-9593','2007-01-23'),
(23,'Dimitri','OKeefe',23,'zulauf.lelia@willms.com','(533)085-3344x346','1973-03-26'),
(24,'Joyce','Rodriguez',24,'runte.eugene@hotmail.com','09874337125','2009-07-18'),
(25,'Nyasia','Kertzmann',25,'dpouros@hotmail.com','09261309321','2008-04-10'),
(26,'Ludwig','Kohler',26,'borer.hattie@yahoo.com','350.934.1352x46182','2005-03-14'),
(27,'Dorothy','Hyatt',27,'samantha.zemlak@yahoo.com','169-508-1692x4912','2013-11-07'),
(28,'Barbara','Hudson',28,'theresia14@bechtelar.com','1-101-203-9563','1984-01-11'),
(29,'Lois','Rogahn',29,'stroman.vanessa@gmail.com','1-179-071-2438','2008-01-07'),
(30,'Roel','Olson',30,'lang.keely@schuppe.com','329.015.3239x61371','2007-10-12'),
(31,'Seth','Goyette',31,'olaf95@yahoo.com','131-874-3996x3627','2006-10-17'),
(32,'Rosemarie','Harber',32,'agibson@adamsohara.com','853-373-5886','1982-10-07'),
(33,'Zora','Rice',33,'eprosacco@wiza.com','387.152.7352x77184','2005-06-18'),
(34,'Edythe','Dickens',34,'rafaela.lubowitz@okuneva.info','967-488-7644x4568','2008-02-21'),
(35,'Naomi','Kunde',35,'jarrod.beier@sanford.com','(695)103-7092x195','2007-05-10'),
(36,'Robin','Miller',36,'sharon.mccullough@gmail.com','348.602.8113x91322','2014-01-12'),
(37,'Celestine','Ledner',37,'hayes.doug@barrows.com','941-432-0207x724','2005-10-29'),
(38,'Bryana','Bogan',38,'lhyatt@moore.com','(894)623-9837','1982-09-23'),
(39,'Dixie','Cormier',39,'yadira35@yahoo.com','1-407-000-6318','2014-06-27'),
(40,'Haylie','Wolf',40,'nelle.stanton@kuhlmanhane.org','(914)018-1845','1978-09-14'),
(41,'Kurt','Strosin',41,'pbradtke@hotmail.com','06287533063','2006-07-13'),
(42,'Joelle','Sawayn',42,'giles04@hermistonherman.com','357.026.9593','1979-01-05'),
(43,'Bethel','Schultz',43,'zane24@veum.org','490.219.4378x5549','2007-07-29'),
(44,'Sigmund','Hegmann',44,'abbie.cummerata@hotmail.com','884-042-0575','2006-05-27'),
(45,'Krista','Quigley',45,'wanda68@gmail.com','340-965-9037','2005-05-14');

INSERT INTO SchoolUnit VALUES (1,'Casper, Pfannerstill and Sanford',1,'954.490.6213','urath@schoolunit.com','Lee Zieme'),
(2,'Huel and Sons',2,'703.481.5669x638','hahn.jessika@schoolunit.com','Phyllis Cummings'),
(3,'Pagac-Mosciski',3,'077-180-1019','jeffry05@schoolunit.com','Coleman Barton'),
(4,'Gleason-Brekke',4,'243.567.7562','gaylord50@schoolunit.com','Mr. Damion Bailey IV'),
(5,'Moore PLC',5,'(584)917-1907x90655','aliyah70@schoolunit.com','Ryder Predovic');

INSERT INTO Books VALUES ('0157413090589','For some.',1103,'Dr. Rosina Keebler II','I used to call him.','https://loremflickr.com/tmp//200/300/','Duchess,.'),
('0309125300053','I get it.',1975,'Adele Prosacco','It was high time.','https://loremflickr.com/tmp//200/300/','Queen..'),
('0345131603109','Alice in.',116,'Natalia Wilderman','I\'LL soon make you.','https://loremflickr.com/tmp//200/300/','Stories.'),
('0352118015983','Mock.',435,'Nicklaus Kulas','And it\'ll fetch.','https://loremflickr.com/tmp//200/300/','The.'),
('0405563660389','Alice.',977,'Prof. Regan Bashirian V','Alice, \'or perhaps.','https://loremflickr.com/tmp//200/300/','Hatter;.'),
('0477045960203','I\'ll.',367,'Quincy Kshlerin','The Rabbit started.','https://loremflickr.com/tmp//200/300/','Mock.'),
('0507957552265','So she.',1780,'Reyna Schaefer','Mock Turtle sighed.','https://loremflickr.com/tmp//200/300/','Alice..'),
('0542572170333','Very.',1066,'Dovie Greenholt','And how odd the.','https://loremflickr.com/tmp//200/300/','Mock.'),
('0631275475091','Would.',1290,'Elise Kovacek','I\'ve tried banks,.','https://loremflickr.com/tmp//200/300/','King.'),
('0681003998251','I did:.',1068,'Prof. Willy Morissette','Dodo solemnly,.','https://loremflickr.com/tmp//200/300/','Queen.'),
('0694361266076','These.',1703,'Zachery Nicolas','SOMEBODY ought to.','https://loremflickr.com/tmp//200/300/','Rabbit.'),
('0722518964774','Pigeon,.',1331,'Prof. Aglae Runte III','She soon got it.','https://loremflickr.com/tmp//200/300/','Gryphon..'),
('0822600328682','I should.',1152,'George Wintheiser','Alice, surprised.','https://loremflickr.com/tmp//200/300/','I only.'),
('0845752080457','I\'ve.',1439,'Hector Prohaska','Alice could think.','https://loremflickr.com/tmp//200/300/','And.'),
('1034567919004','Next.',261,'Florian Runolfsdottir','Alice, that she.','https://loremflickr.com/tmp//200/300/','Five!.'),
('1059881589236','Then.',1716,'Velva Windler','Gryphon, and the.','https://loremflickr.com/tmp//200/300/','Mock.'),('1350090092456','Duchess..',1484,'Roxanne Stiedemann','Hatter. \'You might.','https://loremflickr.com/tmp//200/300/','Improve.'),('1458145950124','Soup!.',527,'Prof. Noelia Schoen DVM','THE KING AND QUEEN.','https://loremflickr.com/tmp//200/300/','ARE you.'),('1465322039425','YOU like.',438,'Mr. Damian Pfannerstill','French.','https://loremflickr.com/tmp//200/300/','She.'),('1486331231822','Will.',1797,'Mr. Abel Collier I','Gryphon at the.','https://loremflickr.com/tmp//200/300/','I\'m.'),('1532162573921','I wonder.',637,'Alexys McCullough','Dodo, \'the best.','https://loremflickr.com/tmp//200/300/','Alice.'),('1842831811251','Why, I.',559,'Mrs. Odessa Beer','I wonder?\' Alice.','https://loremflickr.com/tmp//200/300/','Mock.'),('1945338484581','Queen of.',1123,'Dr. Hipolito Mertz','Majesty,\' he.','https://loremflickr.com/tmp//200/300/','Suddenly.'),('2091721664881','Mouse.',1275,'Abdul Wisoky MD','Alice. \'Did you.','https://loremflickr.com/tmp//200/300/','The.'),('2195180166139','King..',1662,'Laisha Torp','And in she went..','https://loremflickr.com/tmp//200/300/','Alice,.'),('2309667427351','Lory..',127,'Mr. Jordyn Armstrong DVM','I needn\'t be.','https://loremflickr.com/tmp//200/300/','I\'ve had.'),('2391209224516','Our.',861,'Mrs. Meggie Lockman III','Alice, in a.','https://loremflickr.com/tmp//200/300/','March.'),('2487130024672','.',1561,'Ms. Nella Botsford','Quadrille is!\'.','https://loremflickr.com/tmp//200/300/','Queen.'),('2542361081688','Alice..',1316,'Liam Keeling','Alice could only.','https://loremflickr.com/tmp//200/300/','I.'),('2556378290306','Duchess.',179,'Ross Conn IV','Alice. \'That\'s.','https://loremflickr.com/tmp//200/300/','Gryphon..'),('2664489718402','Queen..',1368,'Fiona Lubowitz MD','Alice thought to.','https://loremflickr.com/tmp//200/300/','Duchess,.'),('2885082825476','I was.',407,'Ashleigh Hilpert','Queen added to one.','https://loremflickr.com/tmp//200/300/','Queen\'s.'),('3091323357145','All on a.',820,'Freda Walsh','Lory, as soon as.','https://loremflickr.com/tmp//200/300/','Rabbit.'),('3212405987062','I said.',1585,'Hertha Reynolds I','March Hare. Visit.','https://loremflickr.com/tmp//200/300/','Mock.'),('3558939248584','Queen\'s.',1547,'Retha Daniel','Duchess; \'I never.','https://loremflickr.com/tmp//200/300/','Alice.'),('3692122453574','I wish I.',1081,'Heber Grimes','Hatter. \'Stolen!\'.','https://loremflickr.com/tmp//200/300/','.'),('3770672196922','Hatter:.',744,'Ms. Sarai Wyman III','This was quite.','https://loremflickr.com/tmp//200/300/','Gryphon.'),('3884058516148','Fury:.',295,'Jensen Spinka','Alice. \'I don\'t.','https://loremflickr.com/tmp//200/300/','Alice.'),('3928905494075','King. \'I.',661,'Lorna Wisoky','She said the Mock.','https://loremflickr.com/tmp//200/300/','WOULD.'),('3991936949373','WOULD.',1553,'Scotty Stiedemann','Alice. \'Nothing.','https://loremflickr.com/tmp//200/300/','But do.'),('4069561543172','THE.',1619,'Madge Collier Sr.','The first question.','https://loremflickr.com/tmp//200/300/','But the.'),('4147938229709','Mouse..',617,'Hazle Schimmel','I fell off the.','https://loremflickr.com/tmp//200/300/','Alice.'),('4152328169255','As soon.',1677,'Joannie Rohan','Hatter. \'You might.','https://loremflickr.com/tmp//200/300/','Oh, my.'),('4179754887362','When the.',556,'Isom Mills','The Gryphon lifted.','https://loremflickr.com/tmp//200/300/','BEST.'),('4182002657898','All the.',1104,'Jalon Harris PhD','After these came.','https://loremflickr.com/tmp//200/300/','Alice,.'),('4263648395419','This.',1572,'Nella Gleichner V','Mock Turtle. \'Hold.','https://loremflickr.com/tmp//200/300/','Alice,.'),('4273459274164','Lobster.',347,'Dr. Nash Mayer I','Caterpillar. This.','https://loremflickr.com/tmp//200/300/','No, no!.'),('4412064918215','Which.',282,'Ms. Vallie Hilpert','It\'s the most.','https://loremflickr.com/tmp//200/300/','Alice..'),('4658557346455','D,\' she.',1806,'Anastasia Champlin','Alice; \'but a grin.','https://loremflickr.com/tmp//200/300/','Hatter.'),('5163924492405','Lory.',626,'Mariam Bogisich PhD','After a time she.','https://loremflickr.com/tmp//200/300/','Mock.'),('5351011077272','O.',429,'Mr. Rasheed Wilkinson Sr.','This time there.','https://loremflickr.com/tmp//200/300/','King:.'),('5360341106366','Rabbit.',1449,'Arvilla Cormier III','IS his business!\'.','https://loremflickr.com/tmp//200/300/','YOUR.'),('5458813028951','King,.',1096,'Bethany Kuhn','Alice, swallowing.','https://loremflickr.com/tmp//200/300/','I\'m a.'),('5471666254315','Hatter.',1916,'Mr. Misael Emmerich','Alice had learnt.','https://loremflickr.com/tmp//200/300/','Queen..'),('5549335074356','For.',1686,'Prof. Trent Gibson V','Alice. \'Then you.','https://loremflickr.com/tmp//200/300/','And.'),('5629737954048','I THINK;.',1848,'Lafayette Turner DVM','Footman remarked,.','https://loremflickr.com/tmp//200/300/','The.'),('5683158893388','The.',645,'Mrs. Marlee Turner','His voice has a.','https://loremflickr.com/tmp//200/300/','ARE you.'),('5803937890495','Gryphon.',1741,'Ellsworth Christiansen','Mock Turtle sang.','https://loremflickr.com/tmp//200/300/','The.'),('5807420939019','I think.',427,'Stevie Morissette','There ought to.','https://loremflickr.com/tmp//200/300/','Eaglet,.'),('5918490969471','Ma!\'.',1359,'Mrs. Mariane Stracke','Alice hastily;.','https://loremflickr.com/tmp//200/300/','Which.'),('6177330040308','And.',206,'Antwan Ritchie','Eaglet. \'I don\'t.','https://loremflickr.com/tmp//200/300/','I\'d only.'),('6224941195101','I never.',1641,'Mr. Cordell Hoppe I','King sharply. \'Do.','https://loremflickr.com/tmp//200/300/','They are.'),('6247424405008','WHAT.',1842,'Prof. Norberto Emard I','Queen, who was.','https://loremflickr.com/tmp//200/300/','Alice,).'),('6445528678029','March.',1714,'Rafaela Mosciski','There was nothing.','https://loremflickr.com/tmp//200/300/','And she.'),('6570799077648','Alice\'s.',1505,'Ms. Zelma Tremblay V','King added in an.','https://loremflickr.com/tmp//200/300/','Rabbit.'),('6617937351640','As she.',1090,'Prof. Janick Miller Jr.','Do you think, at.','https://loremflickr.com/tmp//200/300/','He got.'),('6619783279466','King.',677,'Albert Heaney DDS','Knave of Hearts,.','https://loremflickr.com/tmp//200/300/','King.'),('6645308483848','He says.',1140,'Glennie Mann','Her chin was.','https://loremflickr.com/tmp//200/300/','Alice.'),('6675524241383','Pigeon.',1301,'Anjali Kuhn','Alice would not.','https://loremflickr.com/tmp//200/300/','Hatter..'),('6711626708958','Atheling.',707,'Prof. Kennith Corwin','No, there were.','https://loremflickr.com/tmp//200/300/','YOUR.'),('6755869202617','I don\'t.',1609,'Nettie Boehm','RED rose-tree, and.','https://loremflickr.com/tmp//200/300/','The jury.'),('6908530993578','Queen,.',1156,'Reanna McLaughlin','Gryphon. \'Well, I.','https://loremflickr.com/tmp//200/300/','Alice.'),('6947973884517','Gryphon:.',1942,'Prof. Dangelo Farrell','As she said to the.','https://loremflickr.com/tmp//200/300/','.'),('6988522165788','The only.',459,'Mr. Alessandro Wintheiser','Alice again, in a.','https://loremflickr.com/tmp//200/300/','HIS time.'),('7005215057194','MORE.',380,'Jermaine Wolf','Lizard\'s.','https://loremflickr.com/tmp//200/300/','Mock.'),('7545109172552','In a.',349,'Jovan Kemmer','Mock Turtle is.\'.','https://loremflickr.com/tmp//200/300/','Oh, I.'),('7566432107746','No, I\'ve.',531,'Rey Price','Beautiful,.','https://loremflickr.com/tmp//200/300/','Queen:.'),('7642754018078','Pepper.',1126,'Ms. Savanah Will','White Rabbit,.','https://loremflickr.com/tmp//200/300/','King.'),('7738456096552','King say.',959,'Mrs. Susana Doyle','Alice desperately:.','https://loremflickr.com/tmp//200/300/','Said his.'),('7792132134659','THESE?\'.',834,'Eli Torphy','The poor little.','https://loremflickr.com/tmp//200/300/','Alice.'),('7935451221418','Oh, how.',1647,'Viviane Pollich III','Then the Queen.','https://loremflickr.com/tmp//200/300/','Gryphon,.'),('7941888585909','Dodo..',1961,'Lucie Reilly','Queen. \'Can you.','https://loremflickr.com/tmp//200/300/','Dormouse.'),('8118086061468','Hatter;.',158,'Vernon D\'Amore IV','Alice; \'I might as.','https://loremflickr.com/tmp//200/300/','Alice.'),('8218184188073','White.',1516,'Addison Hane','I\'m not used to it.','https://loremflickr.com/tmp//200/300/','COULD he.'),('8254430179233','I\'m.',1565,'Amelie Bechtelar','WAS a narrow.','https://loremflickr.com/tmp//200/300/','I had to.'),('8376219724743','ALL..',1500,'Simeon Schroeder','King. The White.','https://loremflickr.com/tmp//200/300/','So she.'),('8458050025030','Hatter,.',1720,'Destiney Funk','ONE respectable.','https://loremflickr.com/tmp//200/300/','There\'s.'),('8492956091180','There.',1015,'Macey Rath','PRECIOUS nose\'; as.','https://loremflickr.com/tmp//200/300/','Footman.'),('8538921979124','YOU.',502,'Marielle Leuschke','Cat. \'--so long as.','https://loremflickr.com/tmp//200/300/','I\'m.'),('8573335154908','Footman.',685,'Miss Georgette Botsford','There was a dead.','https://loremflickr.com/tmp//200/300/','Mock.'),('8704936762246','Now, if.',363,'Virginie Blick IV','And it\'ll fetch.','https://loremflickr.com/tmp//200/300/','I beg.'),('8990399584457','However,.',1720,'Mr. Caden Raynor Jr.','Alice, \'I\'ve often.','https://loremflickr.com/tmp//200/300/','Shark,.'),('8999913741416','I was a.',1618,'Adrien Fay','March Hare will be.','https://loremflickr.com/tmp//200/300/','Mouse.'),('9034259887414','But they.',441,'Vicente Rosenbaum V','Gryphon, lying.','https://loremflickr.com/tmp//200/300/','March.'),('9057005573402','And the.',853,'Woodrow Strosin','King said to.','https://loremflickr.com/tmp//200/300/','Dormouse.'),('9182381232133','Dormouse.',834,'Gladys Jacobson','ALL PERSONS MORE.','https://loremflickr.com/tmp//200/300/','Mock.'),('9424122123003','I.',1461,'Karson Mraz','There are no mice.','https://loremflickr.com/tmp//200/300/','.'),('9465845023531','Alice:.',1574,'Aletha Nolan','I do hope it\'ll.','https://loremflickr.com/tmp//200/300/','IT. It\'s.'),('9469983776309','Alice;.',1071,'Mrs. Emie Ritchie','Off with his.','https://loremflickr.com/tmp//200/300/','King,.'),('9584469530522','Alice,.',1206,'Dr. Joaquin Frami','WHAT are you?\' And.','https://loremflickr.com/tmp//200/300/','King.'),('9613948013643','King:.',528,'Rashawn Balistreri PhD','And he added in an.','https://loremflickr.com/tmp//200/300/','I only.'),('9625581587233','Duchess,.',832,'Joel Aufderhar','Shall I try the.','https://loremflickr.com/tmp//200/300/','.'),('9656794125610','I can.',1416,'Lavern Reynolds','I\'LL soon make you.','https://loremflickr.com/tmp//200/300/','And she.'),('9671566990816','Bill,.',1560,'Virginie Wuckert I','March Hare said in.','https://loremflickr.com/tmp//200/300/','Alice.'),('9700875400591','You see.',1453,'Garfield Nader','I\'ll look first,\'.','https://loremflickr.com/tmp//200/300/','.'),('9748295568219','Gryphon..',1784,'Lucio Jaskolski','WHAT things?\' said.','https://loremflickr.com/tmp//200/300/','Dinah,.'),('9777285786074','For, you.',396,'Lenna Hermiston','The Gryphon sat up.','https://loremflickr.com/tmp//200/300/','The.'),('9824110913607','Lizard.',1074,'Ms. Eden Williamson DVM','She pitied him.','https://loremflickr.com/tmp//200/300/','King,.'),('9844334340055','Knave.',566,'Alena Weber','The twelve jurors.','https://loremflickr.com/tmp//200/300/','COULD.'),('9933079012847','THE KING.',1481,'Dr. Vickie Marvin','Bill!\' then the.','https://loremflickr.com/tmp//200/300/','They.');

INSERT INTO `Users` VALUES ('adams.cary','8faccf3a1859c7078609b774a784e78821e7eea3',45,4,5,0,0,0),
('alison.dooley','e2a0c9ae9432fcf16bbc2b8e03eef54407694aba',23,2,3,0,0,0),
('ametz','0538ff9337a8dbd5769668d8d354349bf3f0c800',18,4,3,0,0,0),
('andrew.crooks','d70ebf69889a25c45705c38463d53000c1978134',37,4,2,0,0,0),
('bashirian.sofia','5adaa73bc9d28757365f42d6b5f30d2ebea25950',15,4,5,0,0,0),
('billie84','dfde0bd8c185a465d1135477f491fecc7aa3c2bf',43,4,3,0,0,0),
('branson05','f747297315030fa7a79b2645119a20a46024dc35',8,4,3,0,0,0),
('cary77','0de9404b6ac0d5bd4dd4e479cb90c4f087c72da4',28,3,3,0,0,0),
('cgleichner','85e3e6779ba5735cd4c98a5b52d22ac2e76968e2',5,4,5,0,0,0),
('ckuhlman','31fb28df5b5f92a4f750b5a23b09c959f5e43280',22,4,2,0,0,0),
('darrell.paucek','fe673d0d33a3419fc92ccb3a0cdf395c11c0dc7e',4,4,4,0,0,0),
('davion52','36d71f48f8664b48f754ca7f38c54184249b69f3',2,4,2,0,0,0),
('dbahringer','121fa02c495b4ce193539277107705295e6322b1',16,4,1,0,0,0),
('dickens.alaina','6ea22e7fe846cfa0e4861b795f1a34db1784e323',14,2,4,0,0,0),
('dlemke','aea8ef8f9727f4553bf554e42bd2f8bfdb6909dd',19,4,4,0,0,0),
('duane95','591a4121a76b8ffe0d29fb9191abb7e13141bb10',44,4,4,0,0,0),
('ecorwin','396add2599b41ad77503fadc21d91fe4cdf9b44e',26,4,1,0,0,0),
('elva20','a934d6406a60634433b901610186d7f1dd971a41',36,4,1,0,0,0),
('gerhold.hosea','918bf6e98b03517100639c98fb3b4d287f7fd207',13,4,3,0,0,0),
('greenfelder.percival','0c329b67eab81a288a8c8069d11a2af591a822a8',32,2,2,0,0,0),
('hassan83','66096999b7753e62303a1064dd61167766dd5e84',40,1,5,0,0,0),
('hintz.jackeline','b32881109f80dd23be4d47cc403a09b8977af6f8',6,4,1,0,0,0),
('hubert34','f3294622371c803179c33172a4850b7a3561db85',21,4,1,0,0,0),
('janie03','f9756f4451e27a7bdbc3eebc91ad53f712bba241',1,4,1,0,0,0),
('josie00','a87a83324178bebd6c21e18c202f52f71e94fe63',11,4,1,0,0,0),
('kovacek.savannah','0423994200b5badf11b595ca8b59677873eb00db',34,4,4,0,0,0),
('kpfannerstill','b4f079a9abc6d1846771b3fffced61b20a925e63',42,3,2,0,0,0),
('leland46','f099a4ddc70d66825fde6dda4575abfacbb0cf60',35,4,5,0,0,0),
('lrath','e2a56dfa5f995245f3fcc53dde8eb767924507d3',39,4,4,0,0,0),
('mohammed17','f805628a1cf2c26c274b479acbb983356e704fe0',27,4,2,0,0,0),
('oabernathy','3302ff48fce76586c7bf07df3d1601016c4b028b',29,4,4,0,0,0),
('oscar.purdy','3df85114154c229dd331f63d5262bf28208ce9b4',17,3,2,0,0,0),
('presley.waters','f365ce4247bd2fc8c69c25a44729576cd18c51ca',12,2,5,0,0,0),
('pwaelchi','c7e97a35cd715dd64a12a5d36aa58ec91b726798',7,2,1,0,0,0),
('quitzon.abby','d9ded938f37a60442c6c81697a63890e69afde08',25,4,5,0,0,0),
('rupert.nolan','ece8271eb3c604f6eee2d8dec2bf014ab0f34fe1',41,4,1,0,0,0),
('shields.haley','e4f9dadc176e36ffbf7db597c7d82d87afd2dd0f',9,3,4,0,0,0),
('stanton.jalyn','681a2614f09cd9357a9d672733ce5d39c4146a4b',24,4,4,0,0,0),
('stehr.mathew','7bb271e76aef60d730695d57ed9dcec8b86cba20',31,4,1,0,0,0),
('travis.abernathy','52c456b98bc107176e6bd79d77d776d8be8c235a',3,3,3,0,0,0),
('tzulauf','469514a9d841ab4482d66297ed1dd7cda8ec7246',30,4,5,0,0,0),
('vcartwright','fb56a45e6130e711bb70666298c01c3d678b5a7c',38,3,3,0,0,0),
('walsh.leanna','f646237d6b4d88876d96cc38ec46e45249be532f',33,4,3,0,0,0),
('wiegand.aliyah','69b71cea4d44fa58c99f37607311807289db4a45',10,4,5,0,0,0),
('xgibson','2a241ed24db7a4c29d6166b74e8b80c0f095f21f',20,3,5,0,0,0);

INSERT INTO Authors VALUES (1,'Orin','Lowe'),(2,'Gabrielle','Schowalter'),(3,'Jarvis','Jacobs'),(4,'Elenor','Murazik'),
(5,'Amiya','Fahey'),(6,'Reggie','Kessler'),(7,'Caleigh','Goodwin'),(8,'Aubrey','Stoltenberg'),(9,'Celestino','Schimmel'),
(10,'Linnie','Schamberger'),(11,'Alayna','Boyer'),(12,'Kaya','Lockman'),(13,'Estelle','Quitzon'),(14,'Gisselle','Roberts'),
(15,'Philip','Durgan'),(16,'Triston','Robel'),(17,'Humberto','Hettinger'),(18,'Agustina','Tremblay'),(19,'Estel','Hilll'),
(20,'Ian','Shields'),(21,'Danielle','Zulauf'),(22,'Lue','Erdman'),(23,'Kaley','Hartmann'),(24,'Cary','Muller'),
(25,'Cassandra','Haley'),(26,'Rodolfo','Fisher'),(27,'Sheila','Steuber'),(28,'Louie','Blanda'),(29,'Melody','Schmeler'),
(30,'Lavinia','Dickinson'),(31,'Leopoldo','Herman'),(32,'Lemuel','Pollich'),(33,'Gaylord','Ritchie'),(34,'Irving','Heaney'),
(35,'Trenton','Stamm'),(36,'Florian','Reichel'),(37,'Dora','Douglas'),(38,'Winnifred','Runolfsson'),(39,'Keshawn','Hermann'),
(40,'Marta','Dibbert'),(41,'Tracey','Stanton'),(42,'Gwendolyn','Smith'),(43,'Tyrell','Hessel'),(44,'Rachael','Heidenreich'),
(45,'Desiree','Rippin'),(46,'Silas','O\'Connell'),(47,'Myles','Zboncak'),(48,'Arnulfo','O\'Keefe'),(49,'Krystina','Ziemann'),(50,'Estell','Schulist');

INSERT INTO Inventory VALUES (1,1,'0157413090589',75,0,0),(2,2,'0309125300053',13,0,0),(3,3,'0345131603109',33,0,0),
(4,4,'0352118015983',57,0,0),(5,5,'0405563660389',30,0,0),(6,1,'0477045960203',84,0,0),(7,2,'0507957552265',13,0,0),
(8,3,'0542572170333',11,0,0),(9,4,'0631275475091',32,0,0),(10,5,'0681003998251',71,0,0),(11,1,'0694361266076',12,0,0),
(12,2,'0722518964774',41,0,0),(13,3,'0822600328682',23,0,0),(14,4,'0845752080457',19,0,0),(15,5,'1034567919004',22,0,0),
(16,1,'1059881589236',73,0,0),(17,2,'1350090092456',99,0,0),(18,3,'1458145950124',74,0,0),(19,4,'1465322039425',33,0,0),
(20,5,'1486331231822',55,0,0),(21,1,'1532162573921',94,0,0),(22,2,'1842831811251',31,0,0),(23,3,'1945338484581',87,0,0),
(24,4,'2091721664881',82,0,0),(25,5,'2195180166139',10,0,0),(26,1,'2309667427351',37,0,0),(27,2,'2391209224516',56,0,0),
(28,3,'2487130024672',86,0,0),(29,4,'2542361081688',6,0,0),(30,5,'2556378290306',93,0,0),(31,1,'2664489718402',21,0,0),
(32,2,'2885082825476',39,0,0),(33,3,'3091323357145',72,0,0),(34,4,'3212405987062',66,0,0),(35,5,'3558939248584',91,0,0),
(36,1,'3692122453574',68,0,0),(37,2,'3770672196922',86,0,0),(38,3,'3884058516148',56,0,0),(39,4,'3928905494075',98,0,0),
(40,5,'3991936949373',70,0,0),(41,1,'4069561543172',7,0,0),(42,2,'4147938229709',3,0,0),(43,3,'4152328169255',51,0,0),
(44,4,'4179754887362',77,0,0),(45,5,'4182002657898',92,0,0),(46,1,'4263648395419',20,0,0),(47,2,'4273459274164',62,0,0),
(48,3,'4412064918215',22,0,0),(49,4,'4658557346455',49,0,0),(50,5,'5163924492405',49,0,0),(51,1,'5351011077272',11,0,0),
(52,2,'5360341106366',99,0,0),(53,3,'5458813028951',48,0,0),(54,4,'5471666254315',76,0,0),(55,5,'5549335074356',83,0,0),
(56,1,'5629737954048',56,0,0),(57,2,'5683158893388',100,0,0),(58,3,'5803937890495',37,0,0),(59,4,'5807420939019',55,0,0),
(60,5,'5918490969471',73,0,0),(61,1,'6177330040308',24,0,0),(62,2,'6224941195101',34,0,0),(63,3,'6247424405008',2,0,0),
(64,4,'6445528678029',66,0,0),(65,5,'6570799077648',39,0,0),(66,1,'6617937351640',22,0,0),(67,2,'6619783279466',43,0,0),
(68,3,'6645308483848',49,0,0),(69,4,'6675524241383',41,0,0),(70,5,'6711626708958',16,0,0),(71,1,'6755869202617',25,0,0),
(72,2,'6908530993578',16,0,0),(73,3,'6947973884517',70,0,0),(74,4,'6988522165788',17,0,0),(75,5,'7005215057194',51,0,0),
(76,1,'7545109172552',1,0,0),(77,2,'7566432107746',99,0,0),(78,3,'7642754018078',56,0,0),(79,4,'7738456096552',63,0,0),
(80,5,'7792132134659',39,0,0),(81,1,'7935451221418',20,0,0),(82,2,'7941888585909',78,0,0),(83,3,'8118086061468',7,0,0),
(84,4,'8218184188073',37,0,0),(85,5,'8254430179233',64,0,0),(86,1,'8376219724743',14,0,0),(87,2,'8458050025030',48,0,0),
(88,3,'8492956091180',56,0,0),(89,4,'8538921979124',56,0,0),(90,5,'8573335154908',95,0,0),(91,1,'8704936762246',77,0,0),
(92,2,'8990399584457',45,0,0),(93,3,'8999913741416',55,0,0),(94,4,'9034259887414',19,0,0),(95,5,'9057005573402',96,0,0),
(96,1,'9182381232133',63,0,0),(97,2,'9424122123003',61,0,0),(98,3,'9465845023531',4,0,0),(99,4,'9469983776309',91,0,0),
(100,5,'9584469530522',1,0,0),(101,1,'9613948013643',11,0,0),(102,2,'9625581587233',59,0,0),
(103,3,'9656794125610',74,0,0),(104,4,'9671566990816',58,0,0),(105,5,'9700875400591',69,0,0),(106,1,'9748295568219',91,0,0),
(107,2,'9777285786074',39,0,0),(108,3,'9824110913607',55,0,0),(109,4,'9844334340055',37,0,0),(110,5,'9933079012847',12,0,0);

INSERT INTO Languages VALUES (1,'English'),(2,'Italian'),(3,'Spanish'),(4,'French'),(5,'German'),(6,'Greek');

INSERT INTO Categories VALUES (1, 'Fiction'),(2, 'Science Fiction'), (3, 'Mystery'),(4, 'Romance'),(5, 'Fantasy'), (6, 'Thriller'),(7, 'Horror'),(8, 'Biography'),(9, 'Self-Help'), (10, 'History');

INSERT INTO book_author VALUES (11,'0157413090589'),(22,'0309125300053'),(33,'0345131603109'),
(44,'0352118015983'),(5,'0405563660389'),(1,'0477045960203'),(2,'0507957552265'),
(38,'0542572170333'),(49,'0631275475091'),(15,'0681003998251'),(11,'0694361266076'),
(25,'0722518964774'),(23,'0822600328682'),(34,'0845752080457'),(5,'1034567919004'),
(17,'1059881589236'),(12,'1350090092456'),(18,'1458145950124'),(16,'1465322039425'),
(5,'1486331231822'),(1,'1532162573921'),(22,'1842831811251'),33,'1945338484581'),
(4,'2091721664881'),(5,'2195180166139'),(36,'2309667427351'),(47,'2391209224516'),
(23,'2487130024672'),(9,'2542361081688'),(37,'2556378290306'),(31,'2664489718402'),
(6,'2885082825476'),(7,'3091323357145'),(8,'3212405987062'),(10,'3558939248584'),
(31,'3692122453574'),(37,'3770672196922'),(33,'3884058516148'),(39,'3928905494075'),
(45,'3991936949373'),(41,'4069561543172'),(22,'4147938229709'),(3,'4152328169255'),
(13,'4179754887362'),(19,'4182002657898'),(30,'4263648395419'),(10,'4273459274164'),
(43,'4412064918215'),(16,'4658557346455'),(50,'5163924492405'),(34,'5351011077272'),
(22,'5360341106366'),(20,'5458813028951'),(13,'5471666254315'),(23,'5549335074356'),
(25,'5629737954048'),(37,'5683158893388'),(32,'5803937890495'),(41,'5807420939019'),
(5,'5918490969471'),(1,'6177330040308'),(40,'6224941195101'),(28,'6247424405008'),
(48,'6445528678029'),(45,'6570799077648'),(36,'6617937351640'),(27,'6619783279466'),
(38,'6645308483848'),(19,'6675524241383'),(23,'6711626708958'),(11,'6755869202617'),
(17,'6908530993578'),(8,'6947973884517'),(44,'6988522165788'),(50,'7005215057194'),
(9,'7545109172552'),(14,'7566432107746'),(26,'7642754018078'),(4,'7738456096552'),
(32,'7792132134659'),(11,'7935451221418'),(2,'7941888585909'),(47,'8118086061468'),
(2,'8218184188073'),(15,'8254430179233'),(48,'8376219724743'),(17,'8458050025030'),
(38,'8492956091180'),(49,'8538921979124'),(1,'8573335154908'),(4,'8704936762246'),
(29,'8990399584457'),(19,'8999913741416'),(21,'9034259887414'),(31,'9057005573402'),
(6,'9182381232133'),(43,'9424122123003'),(46,'9465845023531'),(37,'9469983776309'),
(20,'9584469530522'),(1,'9613948013643'),(42,'9625581587233'),
(33,'9656794125610'),(44,'9671566990816'),(15,'9700875400591'),(11,'9748295568219'),
(17,'9777285786074'),(38,'9824110913607'),(19,'9844334340055'),(2,'9933079012847');

INSERT INTO book_language VALUES (1,'0157413090589'),(2,'0309125300053'),(3,'0345131603109'),
(4,'0352118015983'),(5,'0405563660389'),(6,'0477045960203'),(2,'0507957552265'),
(3,'0542572170333'),(4,'0631275475091'),(5,'0681003998251'),(6,'0694361266076'),
(1,'0722518964774'),(3,'0822600328682'),(4,'0845752080457'),(5,'1034567919004'),
(6,'1059881589236'),(1,'1350090092456'),(2,'1458145950124'),(4,'1465322039425'),
(5,'1486331231822'),(6,'1532162573921'),(1,'1842831811251'),(2,'1945338484581'),
(3,'2091721664881'),(5,'2195180166139'),(6,'2309667427351'),(1,'2391209224516'),
(2,'2487130024672'),(3,'2542361081688'),(4,'2556378290306'),(6,'2664489718402'),
(1,'2885082825476'),(2,'3091323357145'),(3,'3212405987062'),(4,'3558939248584'),
(5,'3692122453574'),(1,'3770672196922'),(2,'3884058516148'),(3,'3928905494075'),
(4,'3991936949373'),(5,'4069561543172'),(6,'4147938229709'),(2,'4152328169255'),
(3,'4179754887362'),(4,'4182002657898'),(5,'4263648395419'),(6,'4273459274164'),
(1,'4412064918215'),(3,'4658557346455'),(4,'5163924492405'),(5,'5351011077272'),
(6,'5360341106366'),(1,'5458813028951'),(2,'5471666254315'),(4,'5549335074356'),
(5,'5629737954048'),(6,'5683158893388'),(1,'5803937890495'),(2,'5807420939019'),
(3,'5918490969471'),(5,'6177330040308'),(6,'6224941195101'),(1,'6247424405008'),
(2,'6445528678029'),(3,'6570799077648'),(4,'6617937351640'),(6,'6619783279466'),
(1,'6645308483848'),(2,'6675524241383'),(3,'6711626708958'),(4,'6755869202617'),
(5,'6908530993578'),(1,'6947973884517'),(2,'6988522165788'),(3,'7005215057194'),
(4,'7545109172552'),(4,'7566432107746'),(5,'7642754018078'),(6,'7738456096552'),
(2,'7792132134659'),(3,'7935451221418'),(4,'7941888585909'),(5,'8118086061468'),
(6,'8218184188073'),(1,'8254430179233'),(3,'8376219724743'),(4,'8458050025030'),
(5,'8492956091180'),(6,'8538921979124'),(1,'8573335154908'),(2,'8704936762246'),
(4,'8990399584457'),(5,'8999913741416'),(6,'9034259887414'),(1,'9057005573402'),
(2,'9182381232133'),(3,'9424122123003'),(5,'9465845023531'),(6,'9469983776309'),
(1,'9584469530522'),(2,'9613948013643'),(3,'9625581587233'),
(4,'9656794125610'),(6,'9671566990816'),(1,'9700875400591'),(2,'9748295568219'),
(3,'9777285786074'),(4,'9824110913607'),(5,'9844334340055'),(1,'9933079012847');


INSERT INTO book_category VALUES (1,'0157413090589'),(2,'0309125300053'),(3,'0345131603109'),
(4,'0352118015983'),(5,'0405563660389'),(6,'0477045960203'),(7,'0507957552265'),
(8,'0542572170333'),(9,'0631275475091'),(10,'0681003998251'),(2,'0694361266076'),
(3,'0722518964774'),(4,'0822600328682'),(5,'0845752080457'),(6,'1034567919004'),
(7,'1059881589236'),(8,'1350090092456'),(9,'1458145950124'),(10,'1465322039425'),
(1,'1486331231822'),(3,'1532162573921'),(4,'1842831811251'),(5,'1945338484581'),
(6,'2091721664881'),(7,'2195180166139'),(8,'2309667427351'),(9,'2391209224516'),
(10,'2487130024672'),(1,'2542361081688'),(2,'2556378290306'),(4,'2664489718402'),
(5,'2885082825476'),(6,'3091323357145'),(7,'3212405987062'),(8,'3558939248584'),
(9,'3692122453574'),(10,'3770672196922'),(1,'3884058516148'),(2,'3928905494075'),
(3,'3991936949373'),(5,'4069561543172'),(6,'4147938229709'),(7,'4152328169255'),
(8,'4179754887362'),(9,'4182002657898'),(10,'4263648395419'),(1,'4273459274164'),
(2,'4412064918215'),(3,'4658557346455'),(4,'5163924492405'),(6,'5351011077272'),
(7,'5360341106366'),(8,'5458813028951'),(9,'5471666254315'),(10,'5549335074356'),
(1,'5629737954048'),(2,'5683158893388'),(3,'5803937890495'),(4,'5807420939019'),
(5,'5918490969471'),(5,'6177330040308'),(7,'6224941195101'),(8,'6247424405008'),
(9,'6445528678029'),(10,'6570799077648'),(1,'6617937351640'),(2,'6619783279466'),
(3,'6645308483848'),(4,'6675524241383'),(5,'6711626708958'),(6,'6755869202617'),
(8,'6908530993578'),(9,'6947973884517'),(10,'6988522165788'),(1,'7005215057194'),
(2,'7545109172552'),(3,'7566432107746'),(4,'7642754018078'),(5,'7738456096552'),
(6,'7792132134659'),(7,'7935451221418'),(9,'7941888585909'),(10,'8118086061468'),
(1,'8218184188073'),(2,'8254430179233'),(3,'8376219724743'),(4,'8458050025030'),
(5,'8492956091180'),(6,'8538921979124'),(7,'8573335154908'),(8,'8704936762246'),
(10,'8990399584457'),(1,'8999913741416'),(2,'9034259887414'),(3,'9057005573402'),
(4,'9182381232133'),(5,'9424122123003'),(6,'9465845023531'),(7,'9469983776309'),
(8,'9584469530522'),(9,'9613948013643'),(1,'9625581587233'),
(2,'9656794125610'),(3,'9671566990816'),(4,'9700875400591'),(5,'9748295568219'),
(6,'9777285786074'),(7,'9824110913607'),(8,'9844334340055'),(9,'9933079012847');

